{
  "step": 4,
  "task": "running_parity_with_reset (s=s_prev^u, reset->0)",
  "new_input_bit": 1.0,
  "reset_bit": 0.0,
  "prediction_bit": 0,
  "s_prev": 0.0,
  "correct_this_step": true,
  "hits": 4,
  "tries": 4,
  "accuracy": 1.0,
  "reservoir_digest": "7d28fc767df791f0",
  "reservoir_state": [
    -0.58926773,
    0.79500834,
    0.49196692,
    -0.37986221,
    0.75924744,
    0.17603756,
    -0.80056661,
    0.72558039,
    -0.57932658,
    -0.17278601,
    0.37263311,
    0.28088866,
    -0.25174867,
    0.2724706,
    -0.80211258,
    0.0152178,
    -0.54507138,
    -0.50203604,
    0.48052457,
    0.38238882,
    0.03660021,
    0.20902544,
    -0.11731303,
    0.38418203,
    0.47500881,
    0.0723503,
    -0.6297674,
    -0.68356608,
    0.34298741,
    -0.38477351,
    0.57776771,
    -0.20785893,
    0.24472519,
    -0.66676277,
    0.14987662,
    -0.20649029,
    -0.6337341,
    0.05058566,
    -0.25613302,
    0.73026084,
    0.40559269,
    0.59656002,
    -0.00670156,
    -0.47083655,
    -0.33599021,
    0.52908181,
    -0.90075705,
    0.84918981,
    -0.14828551,
    -0.25086702,
    -0.83226308,
    0.46880792,
    0.71737974,
    0.71750694,
    -0.6872063,
    0.23159398,
    0.23396054,
    0.39467861,
    -0.46389568,
    -0.56481658,
    0.22071764,
    -0.48679666,
    -0.41693917,
    -0.42387715,
    -0.46164311,
    -0.31132935,
    -0.11590146,
    0.87229711,
    -0.442881,
    0.00682864,
    -0.72699867,
    -0.36504777,
    -0.21424684,
    0.29654498,
    0.67956248,
    -0.40134991,
    -0.28458166,
    0.07413571,
    -0.56943026,
    0.41798847,
    -0.65174285,
    0.02120305,
    0.56667893,
    -0.14350826,
    0.69535686,
    0.35675338,
    -0.13336443,
    -0.7909727,
    -0.13227207,
    0.14398926,
    -0.21064505,
    0.61527676,
    -0.34945857,
    0.5811804,
    0.68236933,
    0.41921921,
    0.70504288,
    -0.03687533,
    0.59010727,
    -0.51106204,
    -0.45519701,
    -0.1474688,
    -0.63944488,
    0.06212749,
    -0.00868607,
    -0.48892441,
    0.60973416,
    0.11188723,
    -0.77314562,
    -0.08338798,
    0.28092734,
    -0.18346989,
    -0.2396447,
    0.42445863,
    -0.45016635,
    -0.35699858,
    0.53891784,
    0.8673122,
    0.73688057,
    -0.04180473,
    -0.25107691,
    -0.14280678,
    0.12197026,
    0.5381512,
    0.06299326,
    -0.18499392,
    0.06874458,
    0.52260668,
    0.09739852,
    -0.68639709,
    -0.49079341,
    -0.37965256,
    0.48095637,
    0.20769152,
    0.50410365,
    0.43218424,
    -0.30715156,
    -0.20438755,
    -0.65774578,
    0.68965173,
    0.67264407,
    -0.60302388,
    0.87063385,
    0.2607466,
    0.06273159,
    -0.5149529,
    -0.67493665,
    -0.55589837,
    -0.60881247,
    -0.27912265
  ],
  "Wout": [
    -0.88743413,
    0.19671679,
    0.33243832,
    -0.45406913,
    0.5752962,
    -0.64663324,
    -1.24782347,
    -0.07731896,
    0.2854674,
    0.40470863,
    0.16897766,
    -0.34345657,
    0.92858903,
    -0.62580454,
    -0.3108389,
    -0.76121133,
    1.2639071,
    0.01884735,
    0.40009076,
    -1.73619978,
    0.48528749,
    0.62911493,
    -0.08572059,
    -0.97942371,
    -0.4703467,
    0.031011,
    -0.20946109,
    0.78572099,
    -0.48868005,
    0.72695242,
    -0.22875523,
    -0.45609415,
    -0.08945317,
    -0.32190299,
    -0.13890078,
    0.00931314,
    0.88367278,
    -0.28169886,
    0.50001864,
    -0.76578387,
    -1.28386438,
    -0.12694425,
    0.80242894,
    -1.90445114,
    0.17020528,
    0.02015475,
    0.33701631,
    0.94287527,
    -0.38409138,
    -0.58501056,
    -1.09560428,
    0.43077728,
    0.89235806,
    -0.53704193,
    0.94245169,
    0.41695953,
    -0.30550557,
    -1.07435656,
    1.29661213,
    0.53037849,
    -0.26271855,
    0.28285128,
    0.50915409,
    -0.63884076,
    0.72065933,
    0.73247717,
    0.52846498,
    0.51039485,
    1.1068887,
    0.00861835,
    0.35209176,
    0.75942106,
    0.60192921,
    -0.10315126,
    0.9790909,
    0.67822651,
    -0.57038025,
    -0.34435925,
    0.317406,
    -0.32008083,
    -0.26724929,
    0.7723667,
    -0.50404998,
    -0.93736215,
    0.04858548,
    -0.91147054,
    0.13949318,
    -0.10631382,
    -1.38349422,
    0.24489641,
    0.34044365,
    -1.21210866,
    0.23384984,
    -1.16405249,
    1.76799617,
    -0.4784842,
    0.23443537,
    0.66489801,
    -0.86648223,
    -0.00712321,
    -0.97081965,
    0.68020854,
    0.33950988,
    0.32705051,
    -0.34008137,
    -1.9829837,
    -0.37389834,
    0.23631731,
    -0.1464405,
    -0.3896608,
    0.04966001,
    0.17325967,
    0.74195544,
    -0.2823138,
    0.82397253,
    -0.5087474,
    0.41566655,
    0.63968578,
    -0.2112836,
    0.41341467,
    0.54935179,
    -1.00685147,
    0.4475095,
    1.15207768,
    0.01946725,
    1.00868314,
    0.26632305,
    0.12555984,
    0.06068872,
    0.70362377,
    -0.65434429,
    -0.33760888,
    -0.03436024,
    -0.7219716,
    -0.01443772,
    0.56622617,
    -1.01303834,
    0.06825419,
    0.33012114,
    0.51966564,
    0.34792122,
    0.59514663,
    0.87435929,
    -0.08860632,
    0.19827247,
    0.04427933,
    -1.09555491,
    -0.30904396,
    -0.23642059,
    0.34172788,
    -0.0952013
  ],
  "parent_hash": "e04e86e0c5a64893ae89a5001d3093bef26980e7b767d66f8acc66b1011bcb3a",
  "seed": 20260705,
  "self_hash": "01c3d02417ef02ca6218b61409f67a0d2fc53799ea6470e4f29f832fbd28a4d0"
}
