{
  "step": 5,
  "task": "running_parity_with_reset (s=s_prev^u, reset->0)",
  "new_input_bit": 1.0,
  "reset_bit": 0.0,
  "prediction_bit": 1,
  "s_prev": 1.0,
  "correct_this_step": true,
  "hits": 5,
  "tries": 5,
  "accuracy": 1.0,
  "reservoir_digest": "9ba095398eb13ca5",
  "reservoir_state": [
    -0.6801767,
    0.4856846,
    0.21578712,
    0.26311655,
    0.51937177,
    0.27094708,
    -0.64064387,
    0.86659924,
    0.21906363,
    -0.10638603,
    -0.45694745,
    0.53535853,
    -0.6094338,
    -0.1294717,
    -0.64574671,
    -0.13023151,
    -0.55632249,
    -0.49990604,
    0.15068112,
    -0.42075491,
    0.65517651,
    0.4585445,
    -0.13662665,
    0.33916999,
    0.00498058,
    -0.35027637,
    0.35512472,
    -0.48650342,
    -0.28689963,
    -0.25449942,
    -0.24600168,
    -0.33931294,
    0.07787603,
    -0.61549785,
    0.0642511,
    -0.15782586,
    -0.7167945,
    -0.06204376,
    0.38179929,
    0.25629062,
    -0.26485406,
    -0.3999363,
    0.02954009,
    0.011493,
    -0.51533789,
    0.44153988,
    -0.5834475,
    0.59348175,
    0.2095003,
    0.19488906,
    -0.57570964,
    0.46034017,
    0.52469777,
    0.74743198,
    -0.32474926,
    -0.36164193,
    0.61718181,
    -0.00769753,
    -0.35514797,
    -0.39788911,
    -0.6321407,
    -0.15343362,
    -0.05131455,
    0.03610104,
    -0.14303807,
    -0.26160268,
    0.00023273,
    0.65819247,
    -0.06140366,
    -0.06973725,
    -0.11856245,
    -0.13758133,
    -0.48541939,
    -0.88555368,
    0.4697283,
    -0.36149319,
    -0.22274096,
    0.12462352,
    -0.29689614,
    -0.15243005,
    -0.70149889,
    0.17590891,
    -0.27410067,
    0.60599367,
    0.14263506,
    0.28345747,
    0.23448331,
    -0.60166435,
    -0.04161121,
    0.47288348,
    0.39181744,
    -0.19247228,
    -0.24467843,
    0.81530174,
    0.30448961,
    0.39970342,
    0.63959741,
    -0.26443987,
    0.19801234,
    -0.73612331,
    -0.11999764,
    0.25092783,
    -0.75623977,
    -0.66333026,
    -0.03488426,
    -0.13710928,
    0.28487821,
    0.50450179,
    -0.7712015,
    -0.39217073,
    0.48645949,
    -0.78235526,
    -0.09801264,
    -0.59635495,
    -0.23835848,
    -0.48501426,
    -0.17899984,
    0.55942962,
    0.13437265,
    0.24878311,
    -0.03711977,
    0.63537444,
    -0.14923685,
    -0.11128835,
    -0.18201241,
    -0.18276095,
    0.69554855,
    0.72332981,
    0.40437909,
    -0.72249289,
    -0.14471724,
    -0.44770713,
    -0.13631999,
    0.65784791,
    0.42117287,
    0.68909398,
    -0.44815413,
    0.64401766,
    -0.82265509,
    0.72074466,
    0.65895435,
    -0.63240744,
    0.544591,
    0.02111163,
    0.45994786,
    -0.06391795,
    -0.30150632,
    0.10600981,
    -0.33816865,
    -0.29431342
  ],
  "Wout": [
    -0.88743413,
    0.19671679,
    0.33243832,
    -0.45406913,
    0.5752962,
    -0.64663324,
    -1.24782347,
    -0.07731896,
    0.2854674,
    0.40470863,
    0.16897766,
    -0.34345657,
    0.92858903,
    -0.62580454,
    -0.3108389,
    -0.76121133,
    1.2639071,
    0.01884735,
    0.40009076,
    -1.73619978,
    0.48528749,
    0.62911493,
    -0.08572059,
    -0.97942371,
    -0.4703467,
    0.031011,
    -0.20946109,
    0.78572099,
    -0.48868005,
    0.72695242,
    -0.22875523,
    -0.45609415,
    -0.08945317,
    -0.32190299,
    -0.13890078,
    0.00931314,
    0.88367278,
    -0.28169886,
    0.50001864,
    -0.76578387,
    -1.28386438,
    -0.12694425,
    0.80242894,
    -1.90445114,
    0.17020528,
    0.02015475,
    0.33701631,
    0.94287527,
    -0.38409138,
    -0.58501056,
    -1.09560428,
    0.43077728,
    0.89235806,
    -0.53704193,
    0.94245169,
    0.41695953,
    -0.30550557,
    -1.07435656,
    1.29661213,
    0.53037849,
    -0.26271855,
    0.28285128,
    0.50915409,
    -0.63884076,
    0.72065933,
    0.73247717,
    0.52846498,
    0.51039485,
    1.1068887,
    0.00861835,
    0.35209176,
    0.75942106,
    0.60192921,
    -0.10315126,
    0.9790909,
    0.67822651,
    -0.57038025,
    -0.34435925,
    0.317406,
    -0.32008083,
    -0.26724929,
    0.7723667,
    -0.50404998,
    -0.93736215,
    0.04858548,
    -0.91147054,
    0.13949318,
    -0.10631382,
    -1.38349422,
    0.24489641,
    0.34044365,
    -1.21210866,
    0.23384984,
    -1.16405249,
    1.76799617,
    -0.4784842,
    0.23443537,
    0.66489801,
    -0.86648223,
    -0.00712321,
    -0.97081965,
    0.68020854,
    0.33950988,
    0.32705051,
    -0.34008137,
    -1.9829837,
    -0.37389834,
    0.23631731,
    -0.1464405,
    -0.3896608,
    0.04966001,
    0.17325967,
    0.74195544,
    -0.2823138,
    0.82397253,
    -0.5087474,
    0.41566655,
    0.63968578,
    -0.2112836,
    0.41341467,
    0.54935179,
    -1.00685147,
    0.4475095,
    1.15207768,
    0.01946725,
    1.00868314,
    0.26632305,
    0.12555984,
    0.06068872,
    0.70362377,
    -0.65434429,
    -0.33760888,
    -0.03436024,
    -0.7219716,
    -0.01443772,
    0.56622617,
    -1.01303834,
    0.06825419,
    0.33012114,
    0.51966564,
    0.34792122,
    0.59514663,
    0.87435929,
    -0.08860632,
    0.19827247,
    0.04427933,
    -1.09555491,
    -0.30904396,
    -0.23642059,
    0.34172788,
    -0.0952013
  ],
  "parent_hash": "01c3d02417ef02ca6218b61409f67a0d2fc53799ea6470e4f29f832fbd28a4d0",
  "seed": 20260705,
  "self_hash": "3cd2fd90b4f21e355001e3312cb33818c96f3247c15a3319355bedf31c8a0f7f"
}
