{
  "step": 2,
  "task": "running_parity_with_reset (s=s_prev^u, reset->0)",
  "new_input_bit": 1.0,
  "reset_bit": 0.0,
  "prediction_bit": 0,
  "s_prev": 0.0,
  "correct_this_step": true,
  "hits": 2,
  "tries": 2,
  "accuracy": 1.0,
  "reservoir_digest": "2891bc92e1f9d591",
  "reservoir_state": [
    -0.57134372,
    0.74029149,
    0.3664962,
    -0.07072285,
    0.77193947,
    0.44651198,
    -0.81191376,
    0.26269786,
    -0.51331539,
    -0.21210545,
    0.47115178,
    0.20775518,
    -0.12276897,
    0.50962439,
    -0.78727819,
    0.28569922,
    -0.59498502,
    -0.36313557,
    0.7082712,
    0.49388181,
    -0.07410715,
    -0.24712182,
    -0.07467589,
    0.28938303,
    0.33008901,
    -0.03012712,
    -0.53296388,
    -0.67274278,
    0.36842561,
    -0.48249224,
    0.5794792,
    0.06888699,
    0.4497668,
    -0.61968877,
    0.27252267,
    -0.32267964,
    -0.397262,
    0.3892742,
    -0.11549461,
    0.71396629,
    0.4827201,
    0.46850691,
    -0.33486842,
    -0.38676572,
    -0.12501847,
    0.71921408,
    -0.89421494,
    0.85793885,
    0.06308608,
    -0.32407083,
    -0.6895999,
    0.77106465,
    0.68194994,
    0.66707676,
    -0.48808039,
    0.20334346,
    0.2510828,
    0.15420647,
    -0.30372995,
    -0.44656157,
    0.18590674,
    -0.63397822,
    -0.47590882,
    -0.5688925,
    -0.57208807,
    -0.39998187,
    -0.47011944,
    0.66600585,
    -0.52421852,
    -0.17971442,
    -0.67906686,
    -0.40806913,
    -0.19576915,
    0.24146965,
    0.73411075,
    -0.54407691,
    -0.45950117,
    0.26942781,
    -0.19322565,
    0.34139574,
    -0.45594249,
    0.05153539,
    0.6601466,
    -0.05660771,
    0.53686232,
    0.18104039,
    0.01373469,
    -0.69813635,
    -0.18703616,
    0.08886451,
    0.07642929,
    0.48718827,
    -0.39889044,
    0.07412348,
    0.7546229,
    0.22982833,
    0.60999094,
    0.06170771,
    0.59126971,
    -0.15408338,
    -0.44412567,
    -0.07287539,
    -0.54464475,
    -0.39133142,
    0.11571114,
    -0.63807372,
    0.47631225,
    -0.33097861,
    -0.68139383,
    -0.00564299,
    0.22376246,
    -0.15175415,
    -0.3025739,
    0.0370755,
    -0.72740367,
    -0.42637652,
    0.44522966,
    0.82000561,
    0.56882851,
    0.10374682,
    -0.24509536,
    -0.10924697,
    0.59308012,
    0.46624341,
    0.30418682,
    -0.25270301,
    -0.03560765,
    0.56147735,
    0.05648338,
    -0.45692763,
    -0.40608288,
    -0.28790458,
    0.17202977,
    0.48984656,
    0.32309229,
    0.37004024,
    -0.41977668,
    -0.01263458,
    -0.35896136,
    0.65133283,
    0.80816704,
    -0.55122096,
    0.817215,
    0.42738716,
    -0.31490395,
    -0.59802959,
    -0.71524529,
    -0.32891314,
    -0.67573387,
    -0.57344559
  ],
  "Wout": [
    -0.88743413,
    0.19671679,
    0.33243832,
    -0.45406913,
    0.5752962,
    -0.64663324,
    -1.24782347,
    -0.07731896,
    0.2854674,
    0.40470863,
    0.16897766,
    -0.34345657,
    0.92858903,
    -0.62580454,
    -0.3108389,
    -0.76121133,
    1.2639071,
    0.01884735,
    0.40009076,
    -1.73619978,
    0.48528749,
    0.62911493,
    -0.08572059,
    -0.97942371,
    -0.4703467,
    0.031011,
    -0.20946109,
    0.78572099,
    -0.48868005,
    0.72695242,
    -0.22875523,
    -0.45609415,
    -0.08945317,
    -0.32190299,
    -0.13890078,
    0.00931314,
    0.88367278,
    -0.28169886,
    0.50001864,
    -0.76578387,
    -1.28386438,
    -0.12694425,
    0.80242894,
    -1.90445114,
    0.17020528,
    0.02015475,
    0.33701631,
    0.94287527,
    -0.38409138,
    -0.58501056,
    -1.09560428,
    0.43077728,
    0.89235806,
    -0.53704193,
    0.94245169,
    0.41695953,
    -0.30550557,
    -1.07435656,
    1.29661213,
    0.53037849,
    -0.26271855,
    0.28285128,
    0.50915409,
    -0.63884076,
    0.72065933,
    0.73247717,
    0.52846498,
    0.51039485,
    1.1068887,
    0.00861835,
    0.35209176,
    0.75942106,
    0.60192921,
    -0.10315126,
    0.9790909,
    0.67822651,
    -0.57038025,
    -0.34435925,
    0.317406,
    -0.32008083,
    -0.26724929,
    0.7723667,
    -0.50404998,
    -0.93736215,
    0.04858548,
    -0.91147054,
    0.13949318,
    -0.10631382,
    -1.38349422,
    0.24489641,
    0.34044365,
    -1.21210866,
    0.23384984,
    -1.16405249,
    1.76799617,
    -0.4784842,
    0.23443537,
    0.66489801,
    -0.86648223,
    -0.00712321,
    -0.97081965,
    0.68020854,
    0.33950988,
    0.32705051,
    -0.34008137,
    -1.9829837,
    -0.37389834,
    0.23631731,
    -0.1464405,
    -0.3896608,
    0.04966001,
    0.17325967,
    0.74195544,
    -0.2823138,
    0.82397253,
    -0.5087474,
    0.41566655,
    0.63968578,
    -0.2112836,
    0.41341467,
    0.54935179,
    -1.00685147,
    0.4475095,
    1.15207768,
    0.01946725,
    1.00868314,
    0.26632305,
    0.12555984,
    0.06068872,
    0.70362377,
    -0.65434429,
    -0.33760888,
    -0.03436024,
    -0.7219716,
    -0.01443772,
    0.56622617,
    -1.01303834,
    0.06825419,
    0.33012114,
    0.51966564,
    0.34792122,
    0.59514663,
    0.87435929,
    -0.08860632,
    0.19827247,
    0.04427933,
    -1.09555491,
    -0.30904396,
    -0.23642059,
    0.34172788,
    -0.0952013
  ],
  "parent_hash": "50091c8d178666d471062f2387bfb81445a8eded6ca22274c1d04c028ac88ef8",
  "seed": 20260705,
  "self_hash": "00cf78365a1680040253420a156afc5fd8ccc1d8781924781715e7a556ae80b2"
}
