{
  "step": 3,
  "task": "running_parity_with_reset (s=s_prev^u, reset->0)",
  "new_input_bit": 1.0,
  "reset_bit": 0.0,
  "prediction_bit": 1,
  "s_prev": 1.0,
  "correct_this_step": true,
  "hits": 3,
  "tries": 3,
  "accuracy": 1.0,
  "reservoir_digest": "ad8a61aae13ff00f",
  "reservoir_state": [
    -0.64346631,
    0.43415046,
    0.20271669,
    0.27146694,
    0.60332541,
    0.39764203,
    -0.5267196,
    0.86980218,
    0.28064983,
    -0.15253048,
    -0.29219001,
    0.33917112,
    -0.70061628,
    0.03640102,
    -0.68847224,
    -0.06413574,
    -0.59038123,
    -0.64030205,
    0.29142886,
    -0.30328497,
    0.63195426,
    0.22186118,
    -0.08976128,
    0.39712297,
    0.25357659,
    -0.38812777,
    0.01528176,
    -0.36652425,
    -0.30960815,
    -0.17673447,
    -0.0557599,
    -0.11684051,
    -0.06305697,
    -0.61096415,
    0.03662246,
    -0.16059444,
    -0.62761843,
    0.0475955,
    0.32725244,
    0.27817018,
    -0.30356401,
    -0.26520903,
    -0.15790432,
    -0.01911611,
    -0.27532713,
    0.41556342,
    -0.65187344,
    0.59957947,
    0.08464401,
    -0.09314532,
    -0.47077514,
    0.77240877,
    0.57402991,
    0.7367442,
    -0.15669895,
    -0.34656035,
    0.49839177,
    -0.10602397,
    -0.39357224,
    -0.24709423,
    -0.19879007,
    -0.16844052,
    -0.03141387,
    0.02739058,
    -0.32022652,
    -0.24663381,
    0.11564603,
    0.6413038,
    -0.03480639,
    -0.05832952,
    -0.11765907,
    -0.35458784,
    -0.40782693,
    -0.80512646,
    0.4901318,
    -0.44030129,
    -0.23932438,
    0.22363058,
    -0.036303,
    0.01658986,
    -0.66316202,
    0.23256293,
    -0.27400497,
    0.3982224,
    0.39508211,
    0.31840308,
    0.47891454,
    -0.48375506,
    -0.16004476,
    0.44031393,
    0.44076558,
    -0.07079828,
    -0.42416729,
    0.80234309,
    0.24239061,
    0.10207835,
    0.51549026,
    -0.28544831,
    0.21403518,
    -0.57978734,
    -0.18424972,
    0.12929586,
    -0.74865697,
    -0.60701852,
    0.03960007,
    -0.32468577,
    0.32511182,
    0.1084437,
    -0.80506112,
    -0.31566017,
    0.62970777,
    -0.82446296,
    -0.10287701,
    -0.60623557,
    -0.23049809,
    -0.40365202,
    -0.13533461,
    0.59691124,
    0.35731326,
    0.23228021,
    -0.10262472,
    0.52675,
    0.22872577,
    -0.0795955,
    -0.12187666,
    -0.24283122,
    0.63502649,
    0.71371943,
    0.39413624,
    -0.68239915,
    -0.1675644,
    -0.37774359,
    -0.14754118,
    0.59548473,
    0.27664949,
    0.7229466,
    -0.31759548,
    0.62306749,
    -0.85498301,
    0.67339217,
    0.58265856,
    -0.59864525,
    0.57570534,
    0.21561328,
    0.41386887,
    -0.02718926,
    -0.1792351,
    -0.12181758,
    -0.36745521,
    -0.37819663
  ],
  "Wout": [
    -0.88743413,
    0.19671679,
    0.33243832,
    -0.45406913,
    0.5752962,
    -0.64663324,
    -1.24782347,
    -0.07731896,
    0.2854674,
    0.40470863,
    0.16897766,
    -0.34345657,
    0.92858903,
    -0.62580454,
    -0.3108389,
    -0.76121133,
    1.2639071,
    0.01884735,
    0.40009076,
    -1.73619978,
    0.48528749,
    0.62911493,
    -0.08572059,
    -0.97942371,
    -0.4703467,
    0.031011,
    -0.20946109,
    0.78572099,
    -0.48868005,
    0.72695242,
    -0.22875523,
    -0.45609415,
    -0.08945317,
    -0.32190299,
    -0.13890078,
    0.00931314,
    0.88367278,
    -0.28169886,
    0.50001864,
    -0.76578387,
    -1.28386438,
    -0.12694425,
    0.80242894,
    -1.90445114,
    0.17020528,
    0.02015475,
    0.33701631,
    0.94287527,
    -0.38409138,
    -0.58501056,
    -1.09560428,
    0.43077728,
    0.89235806,
    -0.53704193,
    0.94245169,
    0.41695953,
    -0.30550557,
    -1.07435656,
    1.29661213,
    0.53037849,
    -0.26271855,
    0.28285128,
    0.50915409,
    -0.63884076,
    0.72065933,
    0.73247717,
    0.52846498,
    0.51039485,
    1.1068887,
    0.00861835,
    0.35209176,
    0.75942106,
    0.60192921,
    -0.10315126,
    0.9790909,
    0.67822651,
    -0.57038025,
    -0.34435925,
    0.317406,
    -0.32008083,
    -0.26724929,
    0.7723667,
    -0.50404998,
    -0.93736215,
    0.04858548,
    -0.91147054,
    0.13949318,
    -0.10631382,
    -1.38349422,
    0.24489641,
    0.34044365,
    -1.21210866,
    0.23384984,
    -1.16405249,
    1.76799617,
    -0.4784842,
    0.23443537,
    0.66489801,
    -0.86648223,
    -0.00712321,
    -0.97081965,
    0.68020854,
    0.33950988,
    0.32705051,
    -0.34008137,
    -1.9829837,
    -0.37389834,
    0.23631731,
    -0.1464405,
    -0.3896608,
    0.04966001,
    0.17325967,
    0.74195544,
    -0.2823138,
    0.82397253,
    -0.5087474,
    0.41566655,
    0.63968578,
    -0.2112836,
    0.41341467,
    0.54935179,
    -1.00685147,
    0.4475095,
    1.15207768,
    0.01946725,
    1.00868314,
    0.26632305,
    0.12555984,
    0.06068872,
    0.70362377,
    -0.65434429,
    -0.33760888,
    -0.03436024,
    -0.7219716,
    -0.01443772,
    0.56622617,
    -1.01303834,
    0.06825419,
    0.33012114,
    0.51966564,
    0.34792122,
    0.59514663,
    0.87435929,
    -0.08860632,
    0.19827247,
    0.04427933,
    -1.09555491,
    -0.30904396,
    -0.23642059,
    0.34172788,
    -0.0952013
  ],
  "parent_hash": "00cf78365a1680040253420a156afc5fd8ccc1d8781924781715e7a556ae80b2",
  "seed": 20260705,
  "self_hash": "e04e86e0c5a64893ae89a5001d3093bef26980e7b767d66f8acc66b1011bcb3a"
}
