{
  "step": 1,
  "task": "running_parity_with_reset (s=s_prev^u, reset->0)",
  "new_input_bit": 1.0,
  "reset_bit": 0.0,
  "prediction_bit": 1,
  "s_prev": 1.0,
  "correct_this_step": true,
  "hits": 1,
  "tries": 1,
  "accuracy": 1.0,
  "reservoir_digest": "a17c94239040e03c",
  "reservoir_state": [
    -0.47725261,
    0.1993563,
    -0.02305944,
    0.30772202,
    0.31999741,
    0.05934609,
    -0.43714701,
    0.34801591,
    0.18186376,
    0.46009803,
    -0.08768268,
    0.30982931,
    -0.41245519,
    0.28506401,
    -0.46027508,
    0.1594518,
    -0.08112907,
    -0.44642301,
    0.3551414,
    0.12581488,
    -0.06167683,
    0.04360265,
    -0.40598912,
    0.29317661,
    -0.16557906,
    -0.19121116,
    -0.33562654,
    0.04543298,
    -0.02077746,
    -0.33623415,
    0.26600755,
    0.41503505,
    -0.12830026,
    -0.45924423,
    -0.29950965,
    0.41453749,
    -0.27673251,
    0.33936075,
    0.10287682,
    0.03380597,
    -0.03773949,
    -0.12950948,
    0.11498846,
    -0.17260196,
    -0.47534251,
    0.51354836,
    -0.35594194,
    0.42530928,
    0.1435685,
    -0.29309223,
    -0.31365871,
    0.41517191,
    0.14563537,
    0.52023142,
    0.05966326,
    -0.23660811,
    0.45515352,
    -0.19793188,
    -0.39642634,
    0.13687695,
    0.19099843,
    -0.15130634,
    -0.32944345,
    -0.41197145,
    -0.27487024,
    0.14301513,
    -0.06372311,
    0.53299779,
    -0.42040734,
    -0.16615885,
    0.13125494,
    -0.26786955,
    -0.35201241,
    0.11198597,
    0.05728278,
    -0.25773478,
    -0.24355432,
    0.32218018,
    -0.32508777,
    0.19218754,
    -0.47611651,
    0.47156517,
    -0.35615564,
    0.42238798,
    0.16743647,
    -0.06381035,
    0.44623093,
    -0.19823206,
    0.10628484,
    0.49189659,
    0.25512485,
    0.05962013,
    -0.49680457,
    0.17494158,
    0.22367526,
    -0.18383549,
    0.49315624,
    -0.47704077,
    0.010489,
    -0.47637487,
    -0.26983106,
    -0.15042962,
    -0.52013834,
    -0.07390671,
    0.32770421,
    -0.40283237,
    -0.08879268,
    -0.20132148,
    -0.53651667,
    -0.08801961,
    -0.02002009,
    -0.28443951,
    -0.23324538,
    -0.49740973,
    -0.32285256,
    -0.08589996,
    0.45781109,
    0.36698409,
    0.34971719,
    0.45593555,
    -0.11358106,
    0.35867423,
    0.30820659,
    0.21700107,
    -0.00435497,
    -0.52116262,
    0.32636908,
    0.5105554,
    0.30835908,
    -0.37751185,
    -0.10911004,
    -0.19909208,
    -0.08892577,
    0.48110449,
    -0.24431074,
    0.45743185,
    -0.05884985,
    0.36593227,
    -0.40515704,
    0.38882158,
    0.51190843,
    -0.51426942,
    0.45042405,
    -0.5115215,
    0.11189226,
    -0.02518397,
    -0.11983169,
    -0.17406109,
    -0.37715209,
    -0.21769593
  ],
  "Wout": [
    -0.88743413,
    0.19671679,
    0.33243832,
    -0.45406913,
    0.5752962,
    -0.64663324,
    -1.24782347,
    -0.07731896,
    0.2854674,
    0.40470863,
    0.16897766,
    -0.34345657,
    0.92858903,
    -0.62580454,
    -0.3108389,
    -0.76121133,
    1.2639071,
    0.01884735,
    0.40009076,
    -1.73619978,
    0.48528749,
    0.62911493,
    -0.08572059,
    -0.97942371,
    -0.4703467,
    0.031011,
    -0.20946109,
    0.78572099,
    -0.48868005,
    0.72695242,
    -0.22875523,
    -0.45609415,
    -0.08945317,
    -0.32190299,
    -0.13890078,
    0.00931314,
    0.88367278,
    -0.28169886,
    0.50001864,
    -0.76578387,
    -1.28386438,
    -0.12694425,
    0.80242894,
    -1.90445114,
    0.17020528,
    0.02015475,
    0.33701631,
    0.94287527,
    -0.38409138,
    -0.58501056,
    -1.09560428,
    0.43077728,
    0.89235806,
    -0.53704193,
    0.94245169,
    0.41695953,
    -0.30550557,
    -1.07435656,
    1.29661213,
    0.53037849,
    -0.26271855,
    0.28285128,
    0.50915409,
    -0.63884076,
    0.72065933,
    0.73247717,
    0.52846498,
    0.51039485,
    1.1068887,
    0.00861835,
    0.35209176,
    0.75942106,
    0.60192921,
    -0.10315126,
    0.9790909,
    0.67822651,
    -0.57038025,
    -0.34435925,
    0.317406,
    -0.32008083,
    -0.26724929,
    0.7723667,
    -0.50404998,
    -0.93736215,
    0.04858548,
    -0.91147054,
    0.13949318,
    -0.10631382,
    -1.38349422,
    0.24489641,
    0.34044365,
    -1.21210866,
    0.23384984,
    -1.16405249,
    1.76799617,
    -0.4784842,
    0.23443537,
    0.66489801,
    -0.86648223,
    -0.00712321,
    -0.97081965,
    0.68020854,
    0.33950988,
    0.32705051,
    -0.34008137,
    -1.9829837,
    -0.37389834,
    0.23631731,
    -0.1464405,
    -0.3896608,
    0.04966001,
    0.17325967,
    0.74195544,
    -0.2823138,
    0.82397253,
    -0.5087474,
    0.41566655,
    0.63968578,
    -0.2112836,
    0.41341467,
    0.54935179,
    -1.00685147,
    0.4475095,
    1.15207768,
    0.01946725,
    1.00868314,
    0.26632305,
    0.12555984,
    0.06068872,
    0.70362377,
    -0.65434429,
    -0.33760888,
    -0.03436024,
    -0.7219716,
    -0.01443772,
    0.56622617,
    -1.01303834,
    0.06825419,
    0.33012114,
    0.51966564,
    0.34792122,
    0.59514663,
    0.87435929,
    -0.08860632,
    0.19827247,
    0.04427933,
    -1.09555491,
    -0.30904396,
    -0.23642059,
    0.34172788,
    -0.0952013
  ],
  "parent_hash": "0000000000000000000000000000000000000000000000000000000000000000",
  "seed": 20260705,
  "self_hash": "50091c8d178666d471062f2387bfb81445a8eded6ca22274c1d04c028ac88ef8"
}
