{
  "step": 5,
  "task": "delayed_XOR(u[t-2]^u[t-5])",
  "new_input_bit": 0.0,
  "prediction_bit": 0,
  "correct_this_step": null,
  "hits": 0,
  "tries": 0,
  "accuracy": null,
  "reservoir_digest": "e7a161fbd082159b",
  "reservoir_state": [
    -0.28662047,
    -0.19187805,
    -0.05678875,
    0.1020509,
    0.05734363,
    -0.08167792,
    -0.06666524,
    0.01780769,
    -0.05249606,
    0.0046984,
    -0.26667329,
    -0.25064571,
    -0.14045154,
    -0.1724704,
    -0.00581944,
    -0.12228623,
    -0.18582417,
    -0.18004655,
    0.05980502,
    -0.18874303,
    -0.2077474,
    -0.14191072,
    0.08999425,
    0.0764877,
    0.03534214,
    0.15120574,
    -0.22528487,
    0.07789103,
    0.27244282,
    -0.10521171,
    -0.01551727,
    0.00516297,
    0.05257493,
    0.17908235,
    -0.05168431,
    0.10738615,
    -0.02124475,
    -0.10966945,
    0.05402297,
    0.25440443,
    -0.23296221,
    0.16348001,
    -0.0625802,
    -0.13877101,
    -0.08708101,
    0.35953112,
    -0.1048893,
    -0.02766414,
    -0.26286609,
    0.00571542,
    -0.03443933,
    -0.0570163,
    0.05402974,
    0.11124244,
    -0.01574932,
    0.23091789,
    -0.02942005,
    -0.12012028,
    0.07397395,
    -0.04936583,
    0.14179853,
    -0.16567554,
    -0.12939648,
    0.14330099,
    -0.15701999,
    0.2568377,
    -0.21603331,
    0.26749879,
    0.02029943,
    -0.42595196,
    -0.14906343,
    0.07672021,
    -0.21507673,
    0.25969871,
    -0.13193991,
    -0.19169514,
    0.15793557,
    0.24418412,
    0.32423125,
    -0.04126685,
    0.13903649,
    0.01452512,
    0.19419388,
    -0.29608343,
    -0.05511066,
    -0.11545076,
    0.0567882,
    -0.06989294,
    0.02900383,
    -0.05089314,
    0.12489416,
    -0.00931213,
    -0.01874506,
    0.04561446,
    -0.01665562,
    0.17072559,
    -0.07984233,
    0.17129707,
    0.05511346,
    0.28379163,
    0.28079491,
    0.10572231,
    -0.07715019,
    -0.02368632,
    0.10083465,
    -0.03169858,
    -0.09037856,
    -0.09874866,
    -0.14632738,
    0.07249645,
    0.02222724,
    0.07099882,
    -0.01846451,
    0.2109802,
    0.23740298,
    -0.00937493,
    0.05664235,
    -0.11872238,
    0.24176874,
    0.20354773,
    0.08518254,
    0.16153025,
    0.37257927,
    -0.07518245,
    0.09015792,
    -0.22559322,
    -0.15907883,
    0.14856073,
    -0.12372787,
    0.02692531,
    0.09106093,
    -0.1902953,
    -0.07657733,
    -0.05529433,
    0.02024231,
    -0.25582339,
    0.16497143,
    -0.01544984,
    -0.00755674,
    -0.00381169,
    0.24370609,
    0.15055171,
    -0.09323791,
    0.16625079,
    0.08742771,
    -0.24825409,
    0.0157186,
    0.19914236,
    -0.01455427,
    0.1495345
  ],
  "Wout": [
    -5.52920095,
    -4.39978565,
    -5.91283406,
    -1.90243179,
    -3.15997416,
    5.77016506,
    -1.87610672,
    -3.43950204,
    -3.37561308,
    -7.40326427,
    -2.78777615,
    1.6515261,
    2.87831122,
    -2.07661745,
    0.03501674,
    4.153192,
    1.26439353,
    1.20296587,
    2.08791628,
    0.68331088,
    0.77287355,
    -5.01881601,
    -2.53211976,
    -1.19733229,
    0.64053539,
    -4.32044945,
    -0.47428128,
    1.82027693,
    2.02662039,
    2.36714623,
    4.18925115,
    6.8878331,
    3.04016927,
    -5.30402288,
    3.65100282,
    -0.00249237,
    0.9568453,
    -1.16726864,
    2.01247222,
    -1.28423484,
    2.9264217,
    0.24932029,
    2.99234208,
    -3.90968956,
    -0.91194894,
    -0.68940326,
    0.64195751,
    -4.8454355,
    -1.12081838,
    0.05803189,
    -1.51274998,
    1.36990792,
    -0.0114733,
    -1.55802124,
    3.96383097,
    4.88336155,
    -3.37196361,
    -0.81948918,
    7.99794828,
    -0.67088076,
    2.16012647,
    -6.55159583,
    12.30814496,
    3.35509921,
    -2.11863323,
    1.28340719,
    -4.00046046,
    1.22776746,
    -8.30228383,
    -0.95639569,
    -0.95955976,
    3.18272407,
    -1.51943344,
    0.82611113,
    2.8217322,
    2.59186726,
    1.59618885,
    -0.35331147,
    -0.95889074,
    -3.87820564,
    1.05484672,
    4.04925901,
    1.3378014,
    -0.38264842,
    0.27134396,
    -2.4257188,
    2.84681386,
    3.7504593,
    16.49020759,
    1.33812182,
    9.99715005,
    -1.22066154,
    2.19487696,
    -1.71065822,
    5.03151656,
    2.30398997,
    7.00898437,
    0.9872386,
    2.86571657,
    -4.68198003,
    -1.80462895,
    -3.02882169,
    5.29251917,
    -0.11003832,
    3.13104491,
    0.19524155,
    3.76872962,
    5.06837571,
    -5.43257102,
    1.12561207,
    1.31674922,
    -0.09530259,
    -3.49088482,
    -1.12771903,
    -3.80275885,
    7.74701955,
    3.14189124,
    -4.70358313,
    0.96549784,
    -2.20644355,
    -2.23878874,
    -3.29386973,
    -0.98784218,
    -1.15645916,
    3.01891542,
    -6.40991424,
    -2.28224698,
    -4.11023788,
    -0.71661842,
    -1.00118442,
    -7.02360498,
    4.60926937,
    3.07121766,
    -1.97900383,
    -1.32143531,
    -0.69734192,
    -3.93510434,
    -3.07142225,
    1.77293371,
    1.15176237,
    -5.37863554,
    -6.15378059,
    3.58726111,
    -0.96353579,
    -3.52843755,
    -0.20520262,
    -1.55145769,
    0.1404531,
    4.56028056,
    3.41958929,
    0.03085036
  ],
  "_recent_inputs": [
    0.0,
    1.0,
    0.0,
    0.0,
    0.0,
    0.0
  ],
  "parent_hash": "6a25c8b830e3c469d5a06916b3abe8fcff6ffe55882260e57491c431f3d1aaf4",
  "seed": 20260705,
  "self_hash": "16f036f3be29b8f8055566dc666a87bcf308156f17123949826000e65148d0e6"
}
