{
  "step": 3,
  "task": "delayed_XOR(u[t-2]^u[t-5])",
  "new_input_bit": 0.0,
  "prediction_bit": 1,
  "correct_this_step": null,
  "hits": 0,
  "tries": 0,
  "accuracy": null,
  "reservoir_digest": "8dc9a9013a6e2501",
  "reservoir_state": [
    0.22383947,
    0.13193545,
    -0.1317945,
    0.14836168,
    0.14895158,
    0.07930145,
    -0.02372618,
    0.06978242,
    -0.0532651,
    0.13606692,
    0.06119369,
    -0.12950127,
    -0.04292139,
    -0.15810736,
    0.04727766,
    0.0454413,
    -0.04896183,
    0.22974429,
    -0.02404408,
    -0.13921565,
    0.02577819,
    0.13974856,
    0.05331567,
    -0.35339512,
    -0.22096319,
    -0.10560236,
    0.16706592,
    0.08237549,
    -0.09013082,
    -0.10205271,
    0.12338986,
    0.05369819,
    -0.05288744,
    0.15977781,
    -0.24748746,
    0.4241118,
    -0.07745707,
    -0.14284374,
    0.13403193,
    0.22239984,
    0.07604354,
    -0.04300341,
    -0.02134366,
    -0.06495052,
    -0.28766531,
    -0.04569105,
    0.17050103,
    0.20245499,
    -0.00230619,
    0.07017262,
    0.34963081,
    -0.33525973,
    -0.21634459,
    0.28028322,
    0.08370552,
    -0.14794034,
    0.35912667,
    0.27123955,
    -0.1360396,
    0.18164535,
    -0.22465717,
    -0.05671488,
    0.10026893,
    0.12998146,
    0.16313968,
    -0.08255705,
    -0.26874319,
    -0.38299166,
    0.05592353,
    0.20335646,
    -0.47770429,
    -0.07276933,
    -0.1796531,
    0.12241309,
    0.43375516,
    0.05104926,
    -0.1437709,
    -0.35707495,
    -0.18313099,
    -0.23437018,
    -0.09935376,
    0.31767446,
    -0.18538492,
    0.29399055,
    -0.12912236,
    -0.15129222,
    -0.15399424,
    0.51868284,
    -0.02731032,
    0.1271816,
    -0.18587346,
    -0.01295335,
    0.44540145,
    -0.16577797,
    -0.07660162,
    -0.17982159,
    0.09422404,
    0.18921952,
    -0.06830195,
    0.00758882,
    0.03850648,
    0.2554943,
    0.16885015,
    0.11692203,
    0.33535967,
    -0.08798271,
    -0.22421946,
    0.2418342,
    0.12568514,
    -0.0587917,
    -0.10194937,
    -0.02171142,
    0.12345545,
    0.17980258,
    -0.47844464,
    -0.02192524,
    0.02240498,
    0.25488737,
    -0.48858064,
    0.03815145,
    0.0451654,
    0.18928598,
    -0.53079491,
    0.25134578,
    -0.22758678,
    -0.2668042,
    0.03486713,
    -0.15505097,
    -0.33040982,
    0.01308512,
    0.15663623,
    -0.099431,
    -0.09210342,
    -0.07313048,
    0.18345719,
    -0.3067117,
    -0.15515289,
    -0.01923293,
    0.12869701,
    -0.02741708,
    0.02018341,
    -0.38396189,
    -0.0233224,
    -0.33165155,
    -0.20386521,
    -0.06613852,
    -0.17279596,
    0.09461278,
    -0.20644359,
    0.07380577
  ],
  "Wout": [
    -5.52920095,
    -4.39978565,
    -5.91283406,
    -1.90243179,
    -3.15997416,
    5.77016506,
    -1.87610672,
    -3.43950204,
    -3.37561308,
    -7.40326427,
    -2.78777615,
    1.6515261,
    2.87831122,
    -2.07661745,
    0.03501674,
    4.153192,
    1.26439353,
    1.20296587,
    2.08791628,
    0.68331088,
    0.77287355,
    -5.01881601,
    -2.53211976,
    -1.19733229,
    0.64053539,
    -4.32044945,
    -0.47428128,
    1.82027693,
    2.02662039,
    2.36714623,
    4.18925115,
    6.8878331,
    3.04016927,
    -5.30402288,
    3.65100282,
    -0.00249237,
    0.9568453,
    -1.16726864,
    2.01247222,
    -1.28423484,
    2.9264217,
    0.24932029,
    2.99234208,
    -3.90968956,
    -0.91194894,
    -0.68940326,
    0.64195751,
    -4.8454355,
    -1.12081838,
    0.05803189,
    -1.51274998,
    1.36990792,
    -0.0114733,
    -1.55802124,
    3.96383097,
    4.88336155,
    -3.37196361,
    -0.81948918,
    7.99794828,
    -0.67088076,
    2.16012647,
    -6.55159583,
    12.30814496,
    3.35509921,
    -2.11863323,
    1.28340719,
    -4.00046046,
    1.22776746,
    -8.30228383,
    -0.95639569,
    -0.95955976,
    3.18272407,
    -1.51943344,
    0.82611113,
    2.8217322,
    2.59186726,
    1.59618885,
    -0.35331147,
    -0.95889074,
    -3.87820564,
    1.05484672,
    4.04925901,
    1.3378014,
    -0.38264842,
    0.27134396,
    -2.4257188,
    2.84681386,
    3.7504593,
    16.49020759,
    1.33812182,
    9.99715005,
    -1.22066154,
    2.19487696,
    -1.71065822,
    5.03151656,
    2.30398997,
    7.00898437,
    0.9872386,
    2.86571657,
    -4.68198003,
    -1.80462895,
    -3.02882169,
    5.29251917,
    -0.11003832,
    3.13104491,
    0.19524155,
    3.76872962,
    5.06837571,
    -5.43257102,
    1.12561207,
    1.31674922,
    -0.09530259,
    -3.49088482,
    -1.12771903,
    -3.80275885,
    7.74701955,
    3.14189124,
    -4.70358313,
    0.96549784,
    -2.20644355,
    -2.23878874,
    -3.29386973,
    -0.98784218,
    -1.15645916,
    3.01891542,
    -6.40991424,
    -2.28224698,
    -4.11023788,
    -0.71661842,
    -1.00118442,
    -7.02360498,
    4.60926937,
    3.07121766,
    -1.97900383,
    -1.32143531,
    -0.69734192,
    -3.93510434,
    -3.07142225,
    1.77293371,
    1.15176237,
    -5.37863554,
    -6.15378059,
    3.58726111,
    -0.96353579,
    -3.52843755,
    -0.20520262,
    -1.55145769,
    0.1404531,
    4.56028056,
    3.41958929,
    0.03085036
  ],
  "_recent_inputs": [
    0.0,
    0.0,
    0.0,
    1.0,
    0.0,
    0.0
  ],
  "parent_hash": "57e09c1a7300bee6c8deeb487c561dfbce24d2850802b2c38ff494fe11985f52",
  "seed": 20260705,
  "self_hash": "64a8184ef59b9f745f36261a735d69cfb21e529f08a7270b15b1d6cf8b47bac7"
}
