{
  "step": 1,
  "task": "delayed_XOR(u[t-2]^u[t-5])",
  "new_input_bit": 1.0,
  "prediction_bit": 0,
  "correct_this_step": null,
  "hits": 0,
  "tries": 0,
  "accuracy": null,
  "reservoir_digest": "99b737ee3294e0f3",
  "reservoir_state": [
    0.01876169,
    0.0887876,
    0.31550741,
    -0.47457604,
    -0.32345718,
    0.40064199,
    0.37207739,
    -0.24205923,
    -0.48479525,
    -0.2340426,
    0.51324111,
    -0.18268868,
    -0.16127727,
    0.32208426,
    -0.32624443,
    -0.12873358,
    -0.31848363,
    -0.47916057,
    -0.28775095,
    -0.5302315,
    0.24736999,
    -0.05394914,
    0.51063132,
    0.0449271,
    0.38797726,
    0.46633267,
    0.45528845,
    -0.35286672,
    -0.32777516,
    -0.22443001,
    0.31566704,
    0.07160486,
    -0.1413794,
    0.19643407,
    0.25591673,
    -0.48397135,
    0.03327058,
    0.04671788,
    -0.00966894,
    -0.1062427,
    0.006233,
    0.46020509,
    0.31781716,
    0.23130307,
    -0.06589455,
    -0.18458823,
    -0.38417481,
    -0.10706636,
    -0.19711122,
    0.38212769,
    0.32243046,
    -0.06501706,
    -0.14564035,
    -0.15519206,
    -0.05585468,
    0.04197868,
    -0.2548472,
    -0.46809805,
    -0.22917965,
    -0.16800869,
    0.02841575,
    -0.31041726,
    0.10441485,
    0.17045629,
    -0.43368076,
    -0.13471952,
    -0.17050841,
    0.53303176,
    0.28947509,
    -0.19100042,
    -0.47125657,
    0.2441592,
    0.34216844,
    -0.4202719,
    -0.05765866,
    -0.3074394,
    0.42950138,
    0.53642021,
    -0.14381573,
    0.26098279,
    0.43356732,
    -0.14301263,
    0.25404383,
    -0.32028471,
    0.42414424,
    0.48257468,
    0.24322218,
    -0.15153749,
    -0.14043367,
    -0.47508894,
    -0.30103202,
    0.5140351,
    0.52469986,
    0.11949499,
    -0.2856233,
    -0.25758852,
    -0.05185875,
    0.36822058,
    0.48282662,
    0.13779439,
    -0.21121751,
    0.43203706,
    0.30232619,
    0.08765215,
    0.03433752,
    0.08631623,
    -0.10424063,
    -0.03804722,
    0.37627004,
    0.34546002,
    0.0031364,
    0.49202241,
    -0.23158483,
    -0.51250153,
    0.05680657,
    0.47519444,
    0.13506832,
    0.066927,
    -0.18291956,
    -0.51500485,
    0.37043958,
    0.23021869,
    0.00102543,
    -0.43329056,
    0.39739005,
    0.08919851,
    -0.10298617,
    -0.4645944,
    -0.38176229,
    0.40136998,
    0.03564687,
    0.22472282,
    0.15878876,
    -0.01665186,
    0.28679917,
    -0.26291994,
    -0.08224475,
    0.19307013,
    -0.15958393,
    -0.32916607,
    -0.11598676,
    -0.19969661,
    0.22809921,
    0.34063147,
    -0.165285,
    0.23206454,
    0.31415221,
    -0.43213904,
    0.11145439,
    -0.27155659
  ],
  "Wout": [
    -5.52920095,
    -4.39978565,
    -5.91283406,
    -1.90243179,
    -3.15997416,
    5.77016506,
    -1.87610672,
    -3.43950204,
    -3.37561308,
    -7.40326427,
    -2.78777615,
    1.6515261,
    2.87831122,
    -2.07661745,
    0.03501674,
    4.153192,
    1.26439353,
    1.20296587,
    2.08791628,
    0.68331088,
    0.77287355,
    -5.01881601,
    -2.53211976,
    -1.19733229,
    0.64053539,
    -4.32044945,
    -0.47428128,
    1.82027693,
    2.02662039,
    2.36714623,
    4.18925115,
    6.8878331,
    3.04016927,
    -5.30402288,
    3.65100282,
    -0.00249237,
    0.9568453,
    -1.16726864,
    2.01247222,
    -1.28423484,
    2.9264217,
    0.24932029,
    2.99234208,
    -3.90968956,
    -0.91194894,
    -0.68940326,
    0.64195751,
    -4.8454355,
    -1.12081838,
    0.05803189,
    -1.51274998,
    1.36990792,
    -0.0114733,
    -1.55802124,
    3.96383097,
    4.88336155,
    -3.37196361,
    -0.81948918,
    7.99794828,
    -0.67088076,
    2.16012647,
    -6.55159583,
    12.30814496,
    3.35509921,
    -2.11863323,
    1.28340719,
    -4.00046046,
    1.22776746,
    -8.30228383,
    -0.95639569,
    -0.95955976,
    3.18272407,
    -1.51943344,
    0.82611113,
    2.8217322,
    2.59186726,
    1.59618885,
    -0.35331147,
    -0.95889074,
    -3.87820564,
    1.05484672,
    4.04925901,
    1.3378014,
    -0.38264842,
    0.27134396,
    -2.4257188,
    2.84681386,
    3.7504593,
    16.49020759,
    1.33812182,
    9.99715005,
    -1.22066154,
    2.19487696,
    -1.71065822,
    5.03151656,
    2.30398997,
    7.00898437,
    0.9872386,
    2.86571657,
    -4.68198003,
    -1.80462895,
    -3.02882169,
    5.29251917,
    -0.11003832,
    3.13104491,
    0.19524155,
    3.76872962,
    5.06837571,
    -5.43257102,
    1.12561207,
    1.31674922,
    -0.09530259,
    -3.49088482,
    -1.12771903,
    -3.80275885,
    7.74701955,
    3.14189124,
    -4.70358313,
    0.96549784,
    -2.20644355,
    -2.23878874,
    -3.29386973,
    -0.98784218,
    -1.15645916,
    3.01891542,
    -6.40991424,
    -2.28224698,
    -4.11023788,
    -0.71661842,
    -1.00118442,
    -7.02360498,
    4.60926937,
    3.07121766,
    -1.97900383,
    -1.32143531,
    -0.69734192,
    -3.93510434,
    -3.07142225,
    1.77293371,
    1.15176237,
    -5.37863554,
    -6.15378059,
    3.58726111,
    -0.96353579,
    -3.52843755,
    -0.20520262,
    -1.55145769,
    0.1404531,
    4.56028056,
    3.41958929,
    0.03085036
  ],
  "_recent_inputs": [
    0.0,
    0.0,
    0.0,
    0.0,
    0.0,
    1.0
  ],
  "parent_hash": "0000000000000000000000000000000000000000000000000000000000000000",
  "seed": 20260705,
  "self_hash": "0d0d2c9db2984a0a85a39cf8acb194605cf9f433b05b44b97b9b1324fb3646f4"
}
