{
  "step": 2,
  "task": "delayed_XOR(u[t-2]^u[t-5])",
  "new_input_bit": 0.0,
  "prediction_bit": 0,
  "correct_this_step": null,
  "hits": 0,
  "tries": 0,
  "accuracy": null,
  "reservoir_digest": "8268ebff312444d0",
  "reservoir_state": [
    -0.16092212,
    -0.24154932,
    0.06695044,
    -0.16725674,
    0.5265656,
    -0.50360751,
    0.2608339,
    0.48226251,
    0.02896985,
    -0.27785238,
    -0.10264063,
    0.47876239,
    -0.25048656,
    -0.3879359,
    -0.24422113,
    0.07222173,
    0.17757146,
    -0.19073171,
    -0.27747707,
    0.09947101,
    -0.41236156,
    0.23229126,
    -0.2176385,
    -0.13393998,
    0.16757753,
    -0.29790158,
    0.00346525,
    0.31419617,
    -0.04546796,
    -0.28388419,
    -0.09736762,
    0.13148894,
    -0.06725598,
    0.28933587,
    -0.17029318,
    0.17023811,
    0.27745407,
    0.23122037,
    -0.72513178,
    -0.3251949,
    -0.11770858,
    -0.60661161,
    0.01560251,
    -0.23034832,
    -0.29408098,
    -0.50270833,
    -0.30352101,
    -0.27434944,
    -0.19914868,
    0.63323512,
    -0.33207594,
    -0.196688,
    -0.21354324,
    0.3788818,
    -0.40014169,
    -0.14540565,
    0.33730507,
    0.1071516,
    0.12694383,
    0.13325884,
    -0.30573364,
    -0.0401425,
    0.03307262,
    0.26624524,
    0.29505862,
    0.01660855,
    -0.00299229,
    0.127347,
    0.09196688,
    0.7086432,
    0.16333188,
    -0.08186191,
    0.46320233,
    0.08611347,
    -0.11685238,
    0.07735796,
    0.32021554,
    -0.30724312,
    -0.04618305,
    -0.12898319,
    -0.27701019,
    -0.13361641,
    -0.10859675,
    0.18839606,
    0.22267102,
    0.23892064,
    0.27847623,
    0.13030666,
    0.03531229,
    -0.06515549,
    0.11738282,
    -0.27179445,
    -0.15917988,
    -0.04563932,
    -0.38956534,
    -0.30152777,
    0.38010198,
    0.09607498,
    -0.01707199,
    0.13486649,
    0.00502515,
    -0.15220107,
    0.06966214,
    -0.0361192,
    0.19204051,
    -0.10782118,
    -0.23521284,
    0.01315982,
    0.10056784,
    0.31764933,
    0.06400144,
    0.07393135,
    -0.31911478,
    -0.0987124,
    -0.085292,
    0.02599527,
    0.27031302,
    -0.20283832,
    0.46782171,
    0.07798185,
    0.34522252,
    0.19248545,
    -0.32987335,
    0.08820627,
    0.09154233,
    -0.18858223,
    0.34916181,
    -0.03735793,
    0.27843022,
    0.032706,
    0.0350093,
    0.10601449,
    0.03739854,
    -0.05150049,
    -0.15944486,
    -0.07807343,
    0.21568226,
    -0.04421299,
    -0.25175108,
    0.07525229,
    -0.17601908,
    -0.17165562,
    -0.32194005,
    -0.2686713,
    0.00946123,
    0.23882285,
    0.30986239,
    -0.5486087,
    0.230987,
    0.05406377
  ],
  "Wout": [
    -5.52920095,
    -4.39978565,
    -5.91283406,
    -1.90243179,
    -3.15997416,
    5.77016506,
    -1.87610672,
    -3.43950204,
    -3.37561308,
    -7.40326427,
    -2.78777615,
    1.6515261,
    2.87831122,
    -2.07661745,
    0.03501674,
    4.153192,
    1.26439353,
    1.20296587,
    2.08791628,
    0.68331088,
    0.77287355,
    -5.01881601,
    -2.53211976,
    -1.19733229,
    0.64053539,
    -4.32044945,
    -0.47428128,
    1.82027693,
    2.02662039,
    2.36714623,
    4.18925115,
    6.8878331,
    3.04016927,
    -5.30402288,
    3.65100282,
    -0.00249237,
    0.9568453,
    -1.16726864,
    2.01247222,
    -1.28423484,
    2.9264217,
    0.24932029,
    2.99234208,
    -3.90968956,
    -0.91194894,
    -0.68940326,
    0.64195751,
    -4.8454355,
    -1.12081838,
    0.05803189,
    -1.51274998,
    1.36990792,
    -0.0114733,
    -1.55802124,
    3.96383097,
    4.88336155,
    -3.37196361,
    -0.81948918,
    7.99794828,
    -0.67088076,
    2.16012647,
    -6.55159583,
    12.30814496,
    3.35509921,
    -2.11863323,
    1.28340719,
    -4.00046046,
    1.22776746,
    -8.30228383,
    -0.95639569,
    -0.95955976,
    3.18272407,
    -1.51943344,
    0.82611113,
    2.8217322,
    2.59186726,
    1.59618885,
    -0.35331147,
    -0.95889074,
    -3.87820564,
    1.05484672,
    4.04925901,
    1.3378014,
    -0.38264842,
    0.27134396,
    -2.4257188,
    2.84681386,
    3.7504593,
    16.49020759,
    1.33812182,
    9.99715005,
    -1.22066154,
    2.19487696,
    -1.71065822,
    5.03151656,
    2.30398997,
    7.00898437,
    0.9872386,
    2.86571657,
    -4.68198003,
    -1.80462895,
    -3.02882169,
    5.29251917,
    -0.11003832,
    3.13104491,
    0.19524155,
    3.76872962,
    5.06837571,
    -5.43257102,
    1.12561207,
    1.31674922,
    -0.09530259,
    -3.49088482,
    -1.12771903,
    -3.80275885,
    7.74701955,
    3.14189124,
    -4.70358313,
    0.96549784,
    -2.20644355,
    -2.23878874,
    -3.29386973,
    -0.98784218,
    -1.15645916,
    3.01891542,
    -6.40991424,
    -2.28224698,
    -4.11023788,
    -0.71661842,
    -1.00118442,
    -7.02360498,
    4.60926937,
    3.07121766,
    -1.97900383,
    -1.32143531,
    -0.69734192,
    -3.93510434,
    -3.07142225,
    1.77293371,
    1.15176237,
    -5.37863554,
    -6.15378059,
    3.58726111,
    -0.96353579,
    -3.52843755,
    -0.20520262,
    -1.55145769,
    0.1404531,
    4.56028056,
    3.41958929,
    0.03085036
  ],
  "_recent_inputs": [
    0.0,
    0.0,
    0.0,
    0.0,
    1.0,
    0.0
  ],
  "parent_hash": "0d0d2c9db2984a0a85a39cf8acb194605cf9f433b05b44b97b9b1324fb3646f4",
  "seed": 20260705,
  "self_hash": "57e09c1a7300bee6c8deeb487c561dfbce24d2850802b2c38ff494fe11985f52"
}
