{
  "step": 6,
  "task": "delayed_XOR(u[t-2]^u[t-5])",
  "new_input_bit": 0.0,
  "prediction_bit": 1,
  "correct_this_step": true,
  "hits": 1,
  "tries": 1,
  "accuracy": 1.0,
  "reservoir_digest": "2d30c67373803a86",
  "reservoir_state": [
    -0.00807274,
    0.11133138,
    0.05859997,
    -0.0205725,
    0.08883316,
    0.09638749,
    0.01681824,
    -0.18362543,
    0.24966698,
    -0.06427833,
    -0.12053245,
    -0.05601617,
    0.17506154,
    0.19086371,
    -0.35937875,
    -0.07885728,
    0.06991924,
    0.01072467,
    -0.13389349,
    0.06033044,
    0.19343663,
    0.06401394,
    0.0249325,
    0.04939544,
    0.07340787,
    -0.04836507,
    0.07710357,
    0.01548913,
    -0.088412,
    0.26079004,
    0.05567099,
    0.11396183,
    0.10625206,
    -0.14477368,
    0.09656428,
    0.04395539,
    0.06987392,
    0.12878643,
    0.11177978,
    0.30870252,
    0.06728843,
    -0.07943356,
    -0.27839438,
    0.16870642,
    -0.12576401,
    -0.18546883,
    -0.23294617,
    0.08101273,
    0.10833523,
    0.18743084,
    -0.03449821,
    0.05867414,
    0.02213612,
    0.07583728,
    0.1514395,
    0.01387243,
    -0.11091797,
    -0.13864091,
    -0.05263931,
    0.06932197,
    -0.01396556,
    -0.09957916,
    0.04616045,
    0.11192535,
    0.19401073,
    0.03054181,
    0.00148753,
    -0.26342303,
    0.09611961,
    -0.23537744,
    0.04775763,
    -0.1619282,
    0.12872684,
    -0.13270569,
    -0.0156753,
    0.20640341,
    -0.21125069,
    0.06384055,
    0.23423579,
    0.31770991,
    -0.17777165,
    0.14948613,
    0.05479277,
    0.09011311,
    -0.03962773,
    0.00693647,
    0.05043723,
    0.10881016,
    0.04652534,
    -0.16753011,
    0.01115993,
    -0.02614399,
    0.27017003,
    0.00800676,
    0.04852082,
    -0.08973117,
    -0.16182486,
    -0.08578958,
    -0.01178156,
    0.24360154,
    -0.11245457,
    -0.08895651,
    0.11755803,
    -0.15841335,
    -0.0491064,
    -0.05922677,
    0.20344366,
    -0.00457981,
    -0.06313804,
    0.02580385,
    0.00640269,
    -0.11178248,
    0.10379898,
    -0.19352323,
    0.14370931,
    -0.05466981,
    -0.01075463,
    -0.21163951,
    0.17640229,
    0.0108758,
    -0.21261953,
    0.02397646,
    -0.14070378,
    -0.10724362,
    0.17570169,
    -0.08692576,
    0.19805919,
    0.10932894,
    0.24286211,
    0.07662231,
    0.08185125,
    0.00223557,
    -0.02976171,
    0.04611893,
    -0.16023272,
    -0.11588188,
    0.17218534,
    -0.09817094,
    0.18584321,
    0.01182645,
    0.06527095,
    -0.08861462,
    -0.00810748,
    0.13574889,
    -0.00219927,
    0.23604204,
    -0.0081421,
    -0.13089455,
    0.07459457,
    -0.20724358
  ],
  "Wout": [
    -5.52920095,
    -4.39978565,
    -5.91283406,
    -1.90243179,
    -3.15997416,
    5.77016506,
    -1.87610672,
    -3.43950204,
    -3.37561308,
    -7.40326427,
    -2.78777615,
    1.6515261,
    2.87831122,
    -2.07661745,
    0.03501674,
    4.153192,
    1.26439353,
    1.20296587,
    2.08791628,
    0.68331088,
    0.77287355,
    -5.01881601,
    -2.53211976,
    -1.19733229,
    0.64053539,
    -4.32044945,
    -0.47428128,
    1.82027693,
    2.02662039,
    2.36714623,
    4.18925115,
    6.8878331,
    3.04016927,
    -5.30402288,
    3.65100282,
    -0.00249237,
    0.9568453,
    -1.16726864,
    2.01247222,
    -1.28423484,
    2.9264217,
    0.24932029,
    2.99234208,
    -3.90968956,
    -0.91194894,
    -0.68940326,
    0.64195751,
    -4.8454355,
    -1.12081838,
    0.05803189,
    -1.51274998,
    1.36990792,
    -0.0114733,
    -1.55802124,
    3.96383097,
    4.88336155,
    -3.37196361,
    -0.81948918,
    7.99794828,
    -0.67088076,
    2.16012647,
    -6.55159583,
    12.30814496,
    3.35509921,
    -2.11863323,
    1.28340719,
    -4.00046046,
    1.22776746,
    -8.30228383,
    -0.95639569,
    -0.95955976,
    3.18272407,
    -1.51943344,
    0.82611113,
    2.8217322,
    2.59186726,
    1.59618885,
    -0.35331147,
    -0.95889074,
    -3.87820564,
    1.05484672,
    4.04925901,
    1.3378014,
    -0.38264842,
    0.27134396,
    -2.4257188,
    2.84681386,
    3.7504593,
    16.49020759,
    1.33812182,
    9.99715005,
    -1.22066154,
    2.19487696,
    -1.71065822,
    5.03151656,
    2.30398997,
    7.00898437,
    0.9872386,
    2.86571657,
    -4.68198003,
    -1.80462895,
    -3.02882169,
    5.29251917,
    -0.11003832,
    3.13104491,
    0.19524155,
    3.76872962,
    5.06837571,
    -5.43257102,
    1.12561207,
    1.31674922,
    -0.09530259,
    -3.49088482,
    -1.12771903,
    -3.80275885,
    7.74701955,
    3.14189124,
    -4.70358313,
    0.96549784,
    -2.20644355,
    -2.23878874,
    -3.29386973,
    -0.98784218,
    -1.15645916,
    3.01891542,
    -6.40991424,
    -2.28224698,
    -4.11023788,
    -0.71661842,
    -1.00118442,
    -7.02360498,
    4.60926937,
    3.07121766,
    -1.97900383,
    -1.32143531,
    -0.69734192,
    -3.93510434,
    -3.07142225,
    1.77293371,
    1.15176237,
    -5.37863554,
    -6.15378059,
    3.58726111,
    -0.96353579,
    -3.52843755,
    -0.20520262,
    -1.55145769,
    0.1404531,
    4.56028056,
    3.41958929,
    0.03085036
  ],
  "_recent_inputs": [
    1.0,
    0.0,
    0.0,
    0.0,
    0.0,
    0.0
  ],
  "parent_hash": "16f036f3be29b8f8055566dc666a87bcf308156f17123949826000e65148d0e6",
  "seed": 20260705,
  "self_hash": "6a5d071fbc2e3a50ef35e3c983595306a3c8bdc16e10a8494f49a3b2c28b5512"
}
