{
  "step": 4,
  "task": "delayed_XOR(u[t-2]^u[t-5])",
  "new_input_bit": 0.0,
  "prediction_bit": 0,
  "correct_this_step": null,
  "hits": 0,
  "tries": 0,
  "accuracy": null,
  "reservoir_digest": "35095c5ef839cb20",
  "reservoir_state": [
    0.1025295,
    -0.2524572,
    -0.11595823,
    -0.10273572,
    0.04629773,
    0.00395447,
    -0.10141723,
    -0.32950988,
    0.0310909,
    0.07491382,
    0.07715302,
    0.20527033,
    0.20412429,
    0.22055252,
    0.25006943,
    -0.07862423,
    -0.05176023,
    0.06905659,
    0.13948625,
    0.29830726,
    0.11299761,
    0.17768785,
    0.15116855,
    0.14435174,
    -0.12716623,
    -0.09818189,
    -0.18356693,
    0.28588219,
    -0.25787132,
    0.07964226,
    0.05686822,
    -0.00811136,
    0.10346105,
    0.04391184,
    -0.08323049,
    -0.16513704,
    0.08291329,
    -0.02823674,
    -0.46274706,
    -0.29416707,
    -0.22616524,
    -0.0187583,
    -0.00755839,
    0.04981189,
    -0.19091152,
    0.10747628,
    0.19848584,
    -0.09862887,
    0.17303247,
    -0.04821281,
    0.07530046,
    0.25522948,
    0.01525974,
    -0.13925106,
    0.0684787,
    0.04268749,
    0.00577704,
    0.05346539,
    0.0406428,
    -0.14587505,
    0.00601009,
    -0.16043711,
    0.02842626,
    0.06374777,
    -0.19535438,
    -0.12415601,
    -0.09746206,
    0.21014064,
    -0.02809705,
    -0.26713242,
    -0.06538545,
    -0.06310169,
    0.20911322,
    0.13958505,
    0.12669517,
    -0.06432079,
    0.08191107,
    0.30672639,
    0.06202885,
    0.12742795,
    -0.18533383,
    -0.086654,
    -0.01191368,
    0.41222855,
    -0.06557222,
    -0.00220027,
    0.29531079,
    0.04634442,
    -0.14722084,
    0.19485067,
    -0.23432974,
    -0.27237425,
    -0.13571102,
    -0.08031596,
    -0.09166657,
    0.30722705,
    -0.12605686,
    0.09119343,
    0.06897696,
    0.10507385,
    -0.14264726,
    -0.00531283,
    0.15446555,
    -0.29417115,
    -0.17510852,
    -0.13081491,
    -0.10396843,
    0.18098715,
    0.03974417,
    0.05620165,
    -0.23472121,
    -0.18721026,
    0.22651032,
    -0.11547257,
    0.01930933,
    -0.21834129,
    -0.00650936,
    -0.060388,
    -0.0641431,
    0.04602949,
    -0.00606603,
    0.21648513,
    0.10813633,
    0.05963074,
    -0.29011168,
    0.05912836,
    -0.13476393,
    -0.10134226,
    0.25328038,
    -0.08320128,
    -0.20158066,
    0.09411515,
    0.04230312,
    -0.02017751,
    0.03759388,
    0.12930789,
    -0.12695005,
    -0.00747985,
    0.16133953,
    -0.31218741,
    -0.232292,
    0.0284678,
    -0.11454654,
    -0.0890621,
    -0.34325226,
    -0.18484584,
    0.0006894,
    0.16360141,
    -0.17944136,
    -0.00112391
  ],
  "Wout": [
    -5.52920095,
    -4.39978565,
    -5.91283406,
    -1.90243179,
    -3.15997416,
    5.77016506,
    -1.87610672,
    -3.43950204,
    -3.37561308,
    -7.40326427,
    -2.78777615,
    1.6515261,
    2.87831122,
    -2.07661745,
    0.03501674,
    4.153192,
    1.26439353,
    1.20296587,
    2.08791628,
    0.68331088,
    0.77287355,
    -5.01881601,
    -2.53211976,
    -1.19733229,
    0.64053539,
    -4.32044945,
    -0.47428128,
    1.82027693,
    2.02662039,
    2.36714623,
    4.18925115,
    6.8878331,
    3.04016927,
    -5.30402288,
    3.65100282,
    -0.00249237,
    0.9568453,
    -1.16726864,
    2.01247222,
    -1.28423484,
    2.9264217,
    0.24932029,
    2.99234208,
    -3.90968956,
    -0.91194894,
    -0.68940326,
    0.64195751,
    -4.8454355,
    -1.12081838,
    0.05803189,
    -1.51274998,
    1.36990792,
    -0.0114733,
    -1.55802124,
    3.96383097,
    4.88336155,
    -3.37196361,
    -0.81948918,
    7.99794828,
    -0.67088076,
    2.16012647,
    -6.55159583,
    12.30814496,
    3.35509921,
    -2.11863323,
    1.28340719,
    -4.00046046,
    1.22776746,
    -8.30228383,
    -0.95639569,
    -0.95955976,
    3.18272407,
    -1.51943344,
    0.82611113,
    2.8217322,
    2.59186726,
    1.59618885,
    -0.35331147,
    -0.95889074,
    -3.87820564,
    1.05484672,
    4.04925901,
    1.3378014,
    -0.38264842,
    0.27134396,
    -2.4257188,
    2.84681386,
    3.7504593,
    16.49020759,
    1.33812182,
    9.99715005,
    -1.22066154,
    2.19487696,
    -1.71065822,
    5.03151656,
    2.30398997,
    7.00898437,
    0.9872386,
    2.86571657,
    -4.68198003,
    -1.80462895,
    -3.02882169,
    5.29251917,
    -0.11003832,
    3.13104491,
    0.19524155,
    3.76872962,
    5.06837571,
    -5.43257102,
    1.12561207,
    1.31674922,
    -0.09530259,
    -3.49088482,
    -1.12771903,
    -3.80275885,
    7.74701955,
    3.14189124,
    -4.70358313,
    0.96549784,
    -2.20644355,
    -2.23878874,
    -3.29386973,
    -0.98784218,
    -1.15645916,
    3.01891542,
    -6.40991424,
    -2.28224698,
    -4.11023788,
    -0.71661842,
    -1.00118442,
    -7.02360498,
    4.60926937,
    3.07121766,
    -1.97900383,
    -1.32143531,
    -0.69734192,
    -3.93510434,
    -3.07142225,
    1.77293371,
    1.15176237,
    -5.37863554,
    -6.15378059,
    3.58726111,
    -0.96353579,
    -3.52843755,
    -0.20520262,
    -1.55145769,
    0.1404531,
    4.56028056,
    3.41958929,
    0.03085036
  ],
  "_recent_inputs": [
    0.0,
    0.0,
    1.0,
    0.0,
    0.0,
    0.0
  ],
  "parent_hash": "64a8184ef59b9f745f36261a735d69cfb21e529f08a7270b15b1d6cf8b47bac7",
  "seed": 20260705,
  "self_hash": "6a25c8b830e3c469d5a06916b3abe8fcff6ffe55882260e57491c431f3d1aaf4"
}
